relative_late_reduction,attributable_share_of_repeat_gap,late_orders_reduced,protected_order_value,estimated_incremental_repeat_orders,estimated_incremental_repeat_gmv,scenario_note
0.1,0.25,782.2,135118.265,0.6435039853719661,93.58802925191524,Directional; not a causal forecast
0.1,0.5,782.2,135118.265,1.287007970743932,187.1760585038305,Directional; not a causal forecast
0.1,1.0,782.2,135118.265,2.5740159414878643,374.3521170076609,Directional; not a causal forecast
0.2,0.25,1564.4,270236.53,1.287007970743932,187.1760585038305,Directional; not a causal forecast
0.2,0.5,1564.4,270236.53,2.5740159414878643,374.3521170076609,Directional; not a causal forecast
0.2,1.0,1564.4,270236.53,5.148031882975729,748.7042340153218,Directional; not a causal forecast
0.3,0.25,2346.6,405354.795,1.930511956115898,280.76408775574566,Directional; not a causal forecast
0.3,0.5,2346.6,405354.795,3.861023912231796,561.5281755114913,Directional; not a causal forecast
0.3,1.0,2346.6,405354.795,7.722047824463592,1123.0563510229829,Directional; not a causal forecast
